link,price,title
https://www.therugshopuk.co.uk/mr-fox-25306-mustard-hand-tufted-wool-rug-sc0705.html,£217.55,Mr Fox 25306 Mustard Hand Tufted Wool Rug by Scion
https://www.therugshopuk.co.uk/mr-fox-25306-mustard-hand-tufted-wool-rug-sc0705.html,£217.55,Rabbit 100 White Rug by Arte Espina
https://www.therugshopuk.co.uk/mr-fox-25306-mustard-hand-tufted-wool-rug-sc0705.html,£217.55,Rabbit 100 Pink Rug by Arte Espina
https://www.therugshopuk.co.uk/mr-fox-25306-mustard-hand-tufted-wool-rug-sc0705.html,£217.55,Rabbit 100 Grey / Blue Rug by Arte Espina
https://www.therugshopuk.co.uk/mr-fox-25306-mustard-hand-tufted-wool-rug-sc0705.html,£217.55,Rabbit 100 Anthracite Rug by Arte Espina
https://www.therugshopuk.co.uk/mr-fox-25306-mustard-hand-tufted-wool-rug-sc0705.html,£217.55,Rabbit 100 Cream Rug by Arte Espina
https://www.therugshopuk.co.uk/mr-fox-25306-mustard-hand-tufted-wool-rug-sc0705.html,£217.55,Dazzle Blush Pink Plain Shaggy Rug by Flair Rugs
https://www.therugshopuk.co.uk/mr-fox-25306-mustard-hand-tufted-wool-rug-sc0705.html,£217.55,Shensi Navy Traditional Rug by Origins
https://www.therugshopuk.co.uk/mr-fox-25306-mustard-hand-tufted-wool-rug-sc0705.html,£217.55,Gio 8022 W Geometric Rug by Oriental Weavers
https://www.therugshopuk.co.uk/mr-fox-25306-mustard-hand-tufted-wool-rug-sc0705.html,£217.55,Sarouk 561 C Traditional Rug by Oriental Weavers
https://www.therugshopuk.co.uk/mr-fox-25306-mustard-hand-tufted-wool-rug-sc0705.html,£217.55,Sunrise 22368 Multi Nature Print Rug by Think Rugs
https://www.therugshopuk.co.uk/mr-fox-25306-mustard-hand-tufted-wool-rug-sc0705.html,£217.55,Greek Key Flatweave Bordered Brown Rug by Oriental Weavers
https://www.therugshopuk.co.uk/mr-fox-25306-mustard-hand-tufted-wool-rug-sc0705.html,£217.55,Nourison Celestial CES02 Sealf Rug
https://www.therugshopuk.co.uk/mr-fox-25306-mustard-hand-tufted-wool-rug-sc0705.html,£217.55,Carter Green Wool Rug by Oriental Weavers
https://www.therugshopuk.co.uk/mr-fox-25306-mustard-hand-tufted-wool-rug-sc0705.html,£217.55,Patio PAT12 Diamond Mono Rug By Asiatic
https://www.therugshopuk.co.uk/mr-fox-25306-mustard-hand-tufted-wool-rug-sc0705.html,£217.55,Shensi Pink Traditional Wool Rug by Origins
https://www.therugshopuk.co.uk/mr-fox-25306-mustard-hand-tufted-wool-rug-sc0705.html,£217.55,Da Vinci 057 0801 3233 Traditional Rug by Mastercraft
https://www.therugshopuk.co.uk/mr-fox-25306-mustard-hand-tufted-wool-rug-sc0705.html,£217.55,Colours Mustard Plain Wool Rug by Oriental Weavers
https://www.therugshopuk.co.uk/mr-fox-25306-mustard-hand-tufted-wool-rug-sc0705.html,£217.55,"
Boho 8280 Cream Grey Rug by Think Rugs
"
https://www.therugshopuk.co.uk/mr-fox-25306-mustard-hand-tufted-wool-rug-sc0705.html,£217.55,Chicago Rose Polyester Rug by Origins
https://www.therugshopuk.co.uk/mr-fox-25306-mustard-hand-tufted-wool-rug-sc0705.html,£217.55,Nourison Rustic Textures RUS08 Grey Blue Rug 
https://www.therugshopuk.co.uk/mr-fox-25306-mustard-hand-tufted-wool-rug-sc0705.html,£217.55,Aurora AU08 Marble Rug by Asiatic
https://www.therugshopuk.co.uk/mr-fox-25306-mustard-hand-tufted-wool-rug-sc0705.html,£217.55,Mehari 023 0067 2959 Designer Abstract Rug By Mastercraft 
https://www.therugshopuk.co.uk/mr-fox-25306-mustard-hand-tufted-wool-rug-sc0705.html,£217.55,Fading World Jade 8258 Designer Luxury Rug By De Poortere 
https://www.therugshopuk.co.uk/mr-fox-25306-mustard-hand-tufted-wool-rug-sc0705.html,£217.55,Vinci 1401B Traditional Rug by Oriental Weavers
https://www.therugshopuk.co.uk/mr-fox-25306-mustard-hand-tufted-wool-rug-sc0705.html,£217.55,Poetic Reflection Vintage Grey Rug by Origins
https://www.therugshopuk.co.uk/mr-fox-25306-mustard-hand-tufted-wool-rug-sc0705.html,£217.55,Orion OR01 Decor Pink Rug by Asiatic
https://www.therugshopuk.co.uk/mr-fox-25306-mustard-hand-tufted-wool-rug-sc0705.html,£217.55,Luxe Faux Fur Natural Plain Shaggy Rug by HMC
https://www.therugshopuk.co.uk/mr-fox-25306-mustard-hand-tufted-wool-rug-sc0705.html,£217.55,Galleria 063 0529 2626 Grey Abstract Rug by Mastercraft
https://www.therugshopuk.co.uk/mr-fox-25306-mustard-hand-tufted-wool-rug-sc0705.html,£217.55,Vista 4803 Cream Shaggy Rug By Think Rug
https://www.therugshopuk.co.uk/mr-fox-25306-mustard-hand-tufted-wool-rug-sc0705.html,£217.55,Carter Teal Wool Rug by Oriental Weavers 
https://www.therugshopuk.co.uk/mr-fox-25306-mustard-hand-tufted-wool-rug-sc0705.html,£217.55,Aurora AU03 Solar Rug by Asiatic
https://www.therugshopuk.co.uk/mr-fox-25306-mustard-hand-tufted-wool-rug-sc0705.html,£217.55,Think Rugs Boho 8280 White/Black Rug
https://www.therugshopuk.co.uk/mr-fox-25306-mustard-hand-tufted-wool-rug-sc0705.html,£217.55,Extravagance Ivory Shaggy Rug by Origins
https://www.therugshopuk.co.uk/mr-fox-25306-mustard-hand-tufted-wool-rug-sc0705.html,£217.55,Gallery 9221 Orange Drip Flatweave Rug by Louis De Poortere
https://www.therugshopuk.co.uk/mr-fox-25306-mustard-hand-tufted-wool-rug-sc0705.html,£217.55,Rossa ROS03 Silver Gold Abstract Rug by Concept Looms
https://www.therugshopuk.co.uk/mr-fox-25306-mustard-hand-tufted-wool-rug-sc0705.html,£217.55,
